AIN,CENTER_LAT,CENTER_LON,TotalValue,Bedrooms,Bathrooms,City,ZIPcode5,SpecificUseType,SQFTmain,AssessorID,PropertyLocation,PropertyType,TaxRateArea_CITY,YearBuilt,TaxRateArea,netTaxableValue,house_type,pricepersqft
7264023098,33.76336965,-118.16203431,719100.0,3,2,LONG BEACH CA,90803,Single Family Residence,1168,7264-023-098,"2601 E OCEAN BLVD, NO 805  LONG BEACH CA  90803",CND,LONG BEACH,1973,5500,712100.0,Condo,615.667808219178
7278009151,33.76574617,-118.18421138,773618.0,3,2,LONG BEACH CA,90802,Single Family Residence,1260,7278-009-151,"700 E OCEAN BLVD, NO 1908  LONG BEACH CA  90802",CND,LONG BEACH,1965,5536,766618.0,Condo,613.9825396825397
7264023161,33.76336965,-118.16203431,686000.0,3,2,LONG BEACH CA,90803,Single Family Residence,1134,7264-023-161,"2601 E OCEAN BLVD, 705  LONG BEACH CA  90803",CND,LONG BEACH,1973,5500,686000.0,Condo,604.9382716049382
7278009199,33.76574617,-118.18421138,757701.0,3,2,LONG BEACH CA,90802,Single Family Residence,1260,7278-009-199,"700 E OCEAN BLVD, NO 2508  LONG BEACH CA  90802",CND,LONG BEACH,1965,5536,750701.0,Condo,601.35
7278009243,33.76574617,-118.18421138,737539.0,3,2,LONG BEACH CA,90802,Single Family Residence,1260,7278-009-243,"700 E OCEAN BLVD, NO 3104  LONG BEACH CA  90802",CND,LONG BEACH,1965,5536,737539.0,Condo,585.3484126984127
7278009175,33.76574617,-118.18421138,734967.0,3,2,LONG BEACH CA,90802,Single Family Residence,1260,7278-009-175,"700 E OCEAN BLVD, NO 2208  LONG BEACH CA  90802",CND,LONG BEACH,1965,5536,727967.0,Condo,583.3071428571428
7278009087,33.76574617,-118.18421138,732233.0,3,2,LONG BEACH CA,90802,Single Family Residence,1260,7278-009-087,"700 E OCEAN BLVD, NO 1008  LONG BEACH CA  90802",CND,LONG BEACH,1965,5536,732233.0,Condo,581.1373015873016
7264023084,33.76336965,-118.16203431,785737.0,3,2,LONG BEACH CA,90803,Single Family Residence,1356,7264-023-084,"2601 E OCEAN BLVD, NO 602  LONG BEACH CA  90803",CND,LONG BEACH,1973,5500,785737.0,Condo,579.4520648967551
7278009163,33.76574617,-118.18421138,725228.0,3,2,LONG BEACH CA,90802,Single Family Residence,1260,7278-009-163,"700 E OCEAN BLVD, NO 2104  LONG BEACH CA  90802",CND,LONG BEACH,1965,5536,725228.0,Condo,575.5777777777778
7278009191,33.76574617,-118.18421138,725000.0,3,2,LONG BEACH CA,90802,Single Family Residence,1260,7278-009-191,"700 E OCEAN BLVD, NO 2408  LONG BEACH CA  90802",CND,LONG BEACH,1965,5536,725000.0,Condo,575.3968253968254
7278009230,33.76574617,-118.18421138,745605.0,3,2,LONG BEACH CA,90802,Single Family Residence,1300,7278-009-230,"700 E OCEAN BLVD, NO 2907  LONG BEACH CA  90802",CND,LONG BEACH,1965,5536,745605.0,Condo,573.5423076923076
7278009215,33.76574617,-118.18421138,714588.0,3,2,LONG BEACH CA,90802,Single Family Residence,1260,7278-009-215,"700 E OCEAN BLVD, NO 2708  LONG BEACH CA  90802",CND,LONG BEACH,1965,5536,707588.0,Condo,567.1333333333333
7237021137,33.75834814,-118.09565928,691000.0,3,2,LONG BEACH CA,90803,Single Family Residence,1227,7237-021-137,7025 MARINER WAY  LONG BEACH CA  90803,SFR,LONG BEACH,1973,5511,684000.0,Single Family Residence,563.1621841890791
7278009071,33.76574617,-118.18421138,703800.0,3,2,LONG BEACH CA,90802,Single Family Residence,1260,7278-009-071,"700 E OCEAN BLVD, NO 808  LONG BEACH CA  90802",CND,LONG BEACH,1965,5536,703800.0,Condo,558.5714285714286
7278009131,33.76574617,-118.18421138,702217.0,3,2,LONG BEACH CA,90802,Single Family Residence,1260,7278-009-131,"700 E OCEAN BLVD, NO 1704  LONG BEACH CA  90802",CND,LONG BEACH,1965,5536,702217.0,Condo,557.3150793650793
7278009103,33.76574617,-118.18421138,698700.0,3,2,LONG BEACH CA,90802,Single Family Residence,1260,7278-009-103,"700 E OCEAN BLVD, NO 1208  LONG BEACH CA  90802",CND,LONG BEACH,1965,5536,698700.0,Condo,554.5238095238095
7237021141,33.75804796,-118.09557505,678300.0,3,2,LONG BEACH CA,90803,Single Family Residence,1227,7237-021-141,7027 ISLAND VILLAGE DR  LONG BEACH CA  90803,SFR,LONG BEACH,1973,5511,678300.0,Single Family Residence,552.8117359413203
7264023076,33.76336965,-118.16203431,615499.0,3,2,LONG BEACH CA,90803,Single Family Residence,1134,7264-023-076,"2601 E OCEAN BLVD, NO 605  LONG BEACH CA  90803",CND,LONG BEACH,1973,5500,608499.0,Condo,542.7680776014109
7278009203,33.76574617,-118.18421138,678111.0,3,2,LONG BEACH CA,90802,Single Family Residence,1260,7278-009-203,"700 E OCEAN BLVD, NO 2604  LONG BEACH CA  90802",CND,LONG BEACH,1965,5536,671111.0,Condo,538.1833333333333
7237021164,33.75775008,-118.09509402,654411.0,3,2,LONG BEACH CA,90803,Single Family Residence,1227,7237-021-164,12 COMPASS CT  LONG BEACH CA  90803,SFR,LONG BEACH,1973,5511,647411.0,Single Family Residence,533.3422982885086
7264023051,33.76336965,-118.16203431,722521.0,3,2,LONG BEACH CA,90803,Single Family Residence,1356,7264-023-051,"2601 E OCEAN BLVD, NO 302  LONG BEACH CA  90803",CND,LONG BEACH,1973,5500,715521.0,Condo,532.8325958702065
7237021152,33.75798743,-118.09453245,649458.0,3,2,LONG BEACH CA,90803,Single Family Residence,1227,7237-021-152,7071 ISLAND VILLAGE DR  LONG BEACH CA  90803,SFR,LONG BEACH,1973,5511,642458.0,Single Family Residence,529.3056234718827
7264023079,33.76336965,-118.16203431,698000.0,3,2,LONG BEACH CA,90803,Single Family Residence,1319,7264-023-079,"2601 E OCEAN BLVD, NO 604  LONG BEACH CA  90803",CND,LONG BEACH,1973,5500,698000.0,Condo,529.1887793783169
7237021112,33.75860434,-118.0949218,646202.0,3,2,LONG BEACH CA,90803,Single Family Residence,1227,7237-021-112,31 OUTRIGGER CT  LONG BEACH CA  90803,SFR,LONG BEACH,1973,5511,639202.0,Single Family Residence,526.6519967400163
7245014032,33.75085452,-118.12811994,686622.0,3,2,LONG BEACH CA,90803,Single Family Residence,1309,7245-014-032,"5525 E SEASIDE WALK, UNIT 2  LONG BEACH CA  90803",CND,LONG BEACH,1965,5500,686622.0,Condo,524.5393430099313
7226003033,33.80172698,-118.12425522,727000.0,3,2,LONG BEACH CA,90815,Single Family Residence,1389,7226-003-033,2441 MARBER AVE  LONG BEACH CA  90815,SFR,LONG BEACH,1967,5517,727000.0,Single Family Residence,523.398128149748
7264023134,33.76336965,-118.16203431,692877.0,3,2,LONG BEACH CA,90803,Single Family Residence,1335,7264-023-134,"2601 E OCEAN BLVD, NO 804  LONG BEACH CA  90803",CND,LONG BEACH,1973,5500,685877.0,Condo,519.008988764045
7237021001,33.75929633,-118.09249935,635662.0,3,2,LONG BEACH CA,90803,Single Family Residence,1227,7237-021-001,7151 SEAWIND DR  LONG BEACH CA  90803,SFR,LONG BEACH,1973,5511,628662.0,Single Family Residence,518.0619396903015
7237021090,33.75923988,-118.09492627,631449.0,3,2,LONG BEACH CA,90803,Single Family Residence,1227,7237-021-090,7049 SEAWIND DR  LONG BEACH CA  90803,SFR,LONG BEACH,1973,5511,631449.0,Single Family Residence,514.6283618581907
7278009155,33.76574617,-118.18421138,641147.0,3,2,LONG BEACH CA,90802,Single Family Residence,1260,7278-009-155,"700 E OCEAN BLVD, NO 2004  LONG BEACH CA  90802",CND,LONG BEACH,1965,5536,641147.0,Condo,508.8468253968254
7237021105,33.75847115,-118.09601389,623186.0,3,2,LONG BEACH CA,90803,Single Family Residence,1227,7237-021-105,50 WINDJAMMER CT  LONG BEACH CA  90803,SFR,LONG BEACH,1973,5511,623186.0,Single Family Residence,507.89405052974735
7246025006,33.76921433,-118.12277185,719100.0,3,3,LONG BEACH CA,90814,Single Family Residence,1444,7246-025-006,328 FLINT AVE  LONG BEACH CA  90814,SFR,LONG BEACH,1975,5500,719100.0,Single Family Residence,497.9916897506925
7278009079,33.76574617,-118.18421138,623478.0,3,2,LONG BEACH CA,90802,Single Family Residence,1260,7278-009-079,"700 E OCEAN BLVD, NO 908  LONG BEACH CA  90802",CND,LONG BEACH,1965,5536,616478.0,Condo,494.82380952380953
7264023026,33.76336965,-118.16203431,650000.0,3,2,LONG BEACH CA,90803,Single Family Residence,1319,7264-023-026,"2601 E OCEAN BLVD, NO 104  LONG BEACH CA  90803",CND,LONG BEACH,1973,5500,650000.0,Condo,492.7975739196361
7264023138,33.76336965,-118.16203431,666928.0,3,2,LONG BEACH CA,90803,Single Family Residence,1356,7264-023-138,"2601 E OCEAN BLVD, NO 402  LONG BEACH CA  90803",CND,LONG BEACH,1973,5500,666928.0,Condo,491.834808259587
7278009055,33.76574617,-118.18421138,610193.0,3,2,LONG BEACH CA,90802,Single Family Residence,1260,7278-009-055,"700 E OCEAN BLVD, NO 608  LONG BEACH CA  90802",CND,LONG BEACH,1965,5536,603193.0,Condo,484.28015873015875
7237021119,33.75793936,-118.09415937,593956.0,3,2,LONG BEACH CA,90803,Single Family Residence,1227,7237-021-119,14 WHEELHOUSE CT  LONG BEACH CA  90803,SFR,LONG BEACH,1973,5511,586956.0,Single Family Residence,484.0717196414018
7237021154,33.75758889,-118.09428996,593424.0,3,2,LONG BEACH CA,90803,Single Family Residence,1227,7237-021-154,7084 ISLAND VILLAGE DR  LONG BEACH CA  90803,SFR,LONG BEACH,1973,5511,593424.0,Single Family Residence,483.63814180929097
7237021064,33.75889814,-118.0931994,593423.0,3,2,LONG BEACH CA,90803,Single Family Residence,1227,7237-021-064,7132 SEAWIND DR  LONG BEACH CA  90803,SFR,LONG BEACH,1973,5511,593423.0,Single Family Residence,483.6373268133659
7237021075,33.75925348,-118.09371266,587908.0,3,2,LONG BEACH CA,90803,Single Family Residence,1227,7237-021-075,7111 SEAWIND DR  LONG BEACH CA  90803,SFR,LONG BEACH,1973,5511,580908.0,Single Family Residence,479.1426242868786
7247018025,33.75897528,-118.13904184,637010.0,3,2,LONG BEACH CA,90803,Single Family Residence,1351,7247-018-025,"115 SAINT JOSEPH AVE, UNIT   1  LONG BEACH CA  90803",CND,LONG BEACH,1973,5500,637010.0,Condo,471.5099925980755
7237021100,33.75871418,-118.09544165,578335.0,3,2,LONG BEACH CA,90803,Single Family Residence,1227,7237-021-100,7032 SEAWIND DR  LONG BEACH CA  90803,SFR,LONG BEACH,1973,5511,571335.0,Single Family Residence,471.3406682966585
7264023157,33.76336965,-118.16203431,532981.0,3,2,LONG BEACH CA,90803,Single Family Residence,1134,7264-023-157,"2601 E OCEAN BLVD, 305  LONG BEACH CA  90803",CND,LONG BEACH,1973,5500,532981.0,Condo,470.0008818342152
7278009227,33.76574617,-118.18421138,588738.0,3,2,LONG BEACH CA,90802,Single Family Residence,1260,7278-009-227,"700 E OCEAN BLVD, NO 2904  LONG BEACH CA  90802",CND,LONG BEACH,1965,5536,588738.0,Condo,467.252380952381
7278009139,33.76574617,-118.18421138,578336.0,3,2,LONG BEACH CA,90802,Single Family Residence,1260,7278-009-139,"700 E OCEAN BLVD, NO 1804  LONG BEACH CA  90802",CND,LONG BEACH,1965,5536,578336.0,Condo,458.9968253968254
7231030024,33.79022359,-118.09994615,639845.0,3,2,LONG BEACH CA,90815,Single Family Residence,1402,7231-030-024,1911 N HIDDEN LN  LONG BEACH CA  90815,SFR,LONG BEACH,1965,5488,639845.0,Single Family Residence,456.3801711840228
7278009095,33.76574617,-118.18421138,574134.0,3,2,LONG BEACH CA,90802,Single Family Residence,1260,7278-009-095,"700 E OCEAN BLVD, NO 1108  LONG BEACH CA  90802",CND,LONG BEACH,1965,5536,574134.0,Condo,455.66190476190474
7237021020,33.7582965,-118.09310361,559007.0,3,2,LONG BEACH CA,90803,Single Family Residence,1227,7237-021-020,12 KEEL CT  LONG BEACH CA  90803,SFR,LONG BEACH,1973,5511,552007.0,Single Family Residence,455.5884270578647
7237021134,33.75834868,-118.09537469,557612.0,3,2,LONG BEACH CA,90803,Single Family Residence,1227,7237-021-134,7037 MARINER WAY  LONG BEACH CA  90803,SFR,LONG BEACH,1973,5511,550612.0,Single Family Residence,454.4515077424613
7278009167,33.76574617,-118.18421138,571994.0,3,2,LONG BEACH CA,90802,Single Family Residence,1260,7278-009-167,"700 E OCEAN BLVD, NO 2108  LONG BEACH CA  90802",CND,LONG BEACH,1965,5536,564994.0,Condo,453.9634920634921
7278009223,33.76574617,-118.18421138,571944.0,3,2,LONG BEACH CA,90802,Single Family Residence,1260,7278-009-223,"700 E OCEAN BLVD, NO 2808  LONG BEACH CA  90802",CND,LONG BEACH,1965,5536,564944.0,Condo,453.9238095238095
7278009195,33.76574617,-118.18421138,566532.0,3,2,LONG BEACH CA,90802,Single Family Residence,1260,7278-009-195,"700 E OCEAN BLVD, NO 2504  LONG BEACH CA  90802",CND,LONG BEACH,1965,5536,566532.0,Condo,449.62857142857143
7264023068,33.76336965,-118.16203431,593027.0,3,2,LONG BEACH CA,90803,Single Family Residence,1319,7264-023-068,"2601 E OCEAN BLVD, NO 504  LONG BEACH CA  90803",CND,LONG BEACH,1973,5500,593027.0,Condo,449.60348749052315
7278009135,33.76574617,-118.18421138,554838.0,3,2,LONG BEACH CA,90802,Single Family Residence,1260,7278-009-135,"700 E OCEAN BLVD, NO 1708  LONG BEACH CA  90802",CND,LONG BEACH,1965,5536,547838.0,Condo,440.34761904761905
7237021096,33.75892932,-118.0951804,539675.0,3,2,LONG BEACH CA,90803,Single Family Residence,1227,7237-021-096,7031 SEAWIND DR  LONG BEACH CA  90803,SFR,LONG BEACH,1973,5511,532675.0,Single Family Residence,439.8329258353708
7237021051,33.75834936,-118.09377071,538475.0,3,2,LONG BEACH CA,90803,Single Family Residence,1227,7237-021-051,7115 ISLAND VILLAGE DR  LONG BEACH CA  90803,SFR,LONG BEACH,1973,5511,531475.0,Single Family Residence,438.8549307253464
7237021005,33.75929568,-118.09211789,531460.0,3,2,LONG BEACH CA,90803,Single Family Residence,1227,7237-021-005,7169 SEAWIND DR  LONG BEACH CA  90803,SFR,LONG BEACH,1973,5511,531460.0,Single Family Residence,433.1377343113284
7237021101,33.75869763,-118.09574235,529206.0,3,2,LONG BEACH CA,90803,Single Family Residence,1227,7237-021-101,66 WINDJAMMER CT  LONG BEACH CA  90803,SFR,LONG BEACH,1973,5511,522206.0,Single Family Residence,431.3007334963325
7237021059,33.75875618,-118.09364779,527153.0,3,2,LONG BEACH CA,90803,Single Family Residence,1227,7237-021-059,7110 SEAWIND DR  LONG BEACH CA  90803,SFR,LONG BEACH,1973,5511,527153.0,Single Family Residence,429.62754686226566
7313030013,33.80595292,-118.2103168,540000.0,3,2,LONG BEACH CA,90810,Single Family Residence,1260,7313-030-013,2685 EASY AVE  LONG BEACH CA  90810,SFR,LONG BEACH,1965,11934,540000.0,Single Family Residence,428.57142857142856
7278009115,33.76574617,-118.18421138,538870.0,3,2,LONG BEACH CA,90802,Single Family Residence,1260,7278-009-115,"700 E OCEAN BLVD, NO 1504  LONG BEACH CA  90802",CND,LONG BEACH,1965,5536,538870.0,Condo,427.6746031746032
7237021123,33.75833035,-118.09432513,523705.0,3,2,LONG BEACH CA,90803,Single Family Residence,1227,7237-021-123,7081 MARINER WAY  LONG BEACH CA  90803,SFR,LONG BEACH,1973,5511,523705.0,Single Family Residence,426.81744091279546
7127012012,33.85676016,-118.1817062,517078.0,3,2,LONG BEACH CA,90805,Single Family Residence,1215,7127-012-012,5524 MYRTLE AVE  LONG BEACH CA  90805,SFR,LONG BEACH,1969,4992,517078.0,Single Family Residence,425.5786008230453
7141014101,33.82421295,-118.19777837,474000.0,3,2,LONG BEACH CA,90807,Single Family Residence,1120,7141-014-101,"3705 COUNTRY CLUB DR, APT 0010  LONG BEACH CA  90807",CND,LONG BEACH,1974,5500,474000.0,Condo,423.2142857142857
7157011008,33.85761767,-118.15860118,531930.0,3,2,LONG BEACH CA,90805,Single Family Residence,1260,7157-011-008,2806 E 56TH ST  LONG BEACH CA  90805,SFR,LONG BEACH,1971,4992,531930.0,Single Family Residence,422.1666666666667
7278009051,33.76574617,-118.18421138,530388.0,3,2,LONG BEACH CA,90802,Single Family Residence,1260,7278-009-051,"700 E OCEAN BLVD, NO 604  LONG BEACH CA  90802",CND,LONG BEACH,1965,5536,530388.0,Condo,420.9428571428571
7278009159,33.76574617,-118.18421138,529092.0,3,2,LONG BEACH CA,90802,Single Family Residence,1260,7278-009-159,"700 E OCEAN BLVD, NO 2008  LONG BEACH CA  90802",CND,LONG BEACH,1965,5536,522092.0,Condo,419.9142857142857
7141014031,33.82421295,-118.19777837,469200.0,3,2,LONG BEACH CA,90807,Single Family Residence,1120,7141-014-031,"3707 COUNTRY CLUB DR, NO 5  LONG BEACH CA  90807",CND,LONG BEACH,1974,5500,469200.0,Condo,418.92857142857144
7253004025,33.78731659,-118.14874621,491589.0,3,2,LONG BEACH CA,90804,Single Family Residence,1176,7253-004-025,3720 E WILTON ST  LONG BEACH CA  90804,SFR,LONG BEACH,1974,5500,491589.0,Single Family Residence,418.01785714285717
7256007053,33.7629282,-118.14834868,625545.0,3,2,LONG BEACH CA,90803,Single Family Residence,1498,7256-007-053,"3737 E 2ND ST, UNIT 201  LONG BEACH CA  90803",CND,LONG BEACH,1965,5500,618545.0,Condo,417.586782376502
7141014140,33.82421295,-118.19777837,464100.0,3,2,LONG BEACH CA,90807,Single Family Residence,1120,7141-014-140,"3719 COUNTRY CLUB DR, NO 18  LONG BEACH CA  90807",CND,LONG BEACH,1974,5500,464100.0,Condo,414.375
7141014079,33.82421295,-118.19777837,459000.0,3,2,LONG BEACH CA,90807,Single Family Residence,1120,7141-014-079,"3721 COUNTRY CLUB DR, NO 15  LONG BEACH CA  90807",CND,LONG BEACH,1974,5500,452000.0,Condo,409.82142857142856
7141014055,33.82421295,-118.19777837,459000.0,3,2,LONG BEACH CA,90807,Single Family Residence,1120,7141-014-055,3727 COUNTRY CLUB DR  LONG BEACH CA  90807,CND,LONG BEACH,1974,5500,452000.0,Condo,409.82142857142856
7141014074,33.82421295,-118.19777837,459000.0,3,2,LONG BEACH CA,90807,Single Family Residence,1120,7141-014-074,"3721 COUNTRY CLUB DR, NO 5  LONG BEACH CA  90807",CND,LONG BEACH,1974,5500,452000.0,Condo,409.82142857142856
7141014122,33.82421295,-118.19777837,459000.0,3,2,LONG BEACH CA,90807,Single Family Residence,1122,7141-014-122,"3723 COUNTRY CLUB DR, NO 8  LONG BEACH CA  90807",CND,LONG BEACH,1974,5500,459000.0,Condo,409.09090909090907
7141014044,33.82421295,-118.19777837,456450.0,3,2,LONG BEACH CA,90807,Single Family Residence,1120,7141-014-044,"3717 COUNTRY CLUB DR, NO 5  LONG BEACH CA  90807",CND,LONG BEACH,1974,5500,456450.0,Condo,407.54464285714283
7141014102,33.82421295,-118.19777837,454920.0,3,2,LONG BEACH CA,90807,Single Family Residence,1120,7141-014-102,"3705 COUNTRY CLUB DR, NO 6  LONG BEACH CA  90807",CND,LONG BEACH,1974,5500,447920.0,Condo,406.17857142857144
7141014127,33.82421295,-118.19777837,446068.0,3,2,LONG BEACH CA,90807,Single Family Residence,1122,7141-014-127,"3727 COUNTRY CLUB DR, NO 12  LONG BEACH CA  90807",CND,LONG BEACH,1974,5500,446068.0,Condo,397.5650623885918
7238029015,33.78846435,-118.0956559,588466.0,3,2,LONG BEACH CA,90815,Single Family Residence,1483,7238-029-015,7096 E ATHERTON ST  LONG BEACH CA  90815,SFR,LONG BEACH,1968,5516,581466.0,Single Family Residence,396.80782198246794
7141014137,33.82421295,-118.19777837,442004.0,3,2,LONG BEACH CA,90807,Single Family Residence,1120,7141-014-137,"3719 COUNTRY CLUB DR, NO 8  LONG BEACH CA  90807",CND,LONG BEACH,1974,5500,435004.0,Condo,394.64642857142854
7264023090,33.76336965,-118.16203431,520264.0,3,2,LONG BEACH CA,90803,Single Family Residence,1319,7264-023-090,"2601 E OCEAN BLVD, NO 704  LONG BEACH CA  90803",CND,LONG BEACH,1973,5500,520264.0,Condo,394.43821076573164
7278009187,33.76574617,-118.18421138,493146.0,3,2,LONG BEACH CA,90802,Single Family Residence,1260,7278-009-187,"700 E OCEAN BLVD, NO 2404  LONG BEACH CA  90802",CND,LONG BEACH,1965,5536,486146.0,Condo,391.3857142857143
7262017033,33.77596768,-118.15975231,468575.0,3,2,LONG BEACH CA,90804,Single Family Residence,1200,7262-017-033,722 OHIO AVE  LONG BEACH CA  90804,SFR,LONG BEACH,1973,5500,468575.0,Single Family Residence,390.4791666666667
7278009147,33.76574617,-118.18421138,491303.0,3,2,LONG BEACH CA,90802,Single Family Residence,1260,7278-009-147,"700 E OCEAN BLVD, NO 1904  LONG BEACH CA  90802",CND,LONG BEACH,1965,5536,491303.0,Condo,389.92301587301586
7278009059,33.76574617,-118.18421138,489983.0,3,2,LONG BEACH CA,90802,Single Family Residence,1260,7278-009-059,"700 E OCEAN BLVD, NO 704  LONG BEACH CA  90802",CND,LONG BEACH,1965,5536,489983.0,Condo,388.8753968253968
7141014149,33.82421295,-118.19777837,435093.0,3,2,LONG BEACH CA,90807,Single Family Residence,1120,7141-014-149,"3721 COUNTRY CLUB DR, NO 16  LONG BEACH CA  90807",CND,LONG BEACH,1974,5500,435093.0,Condo,388.47589285714287
7141014114,33.82421295,-118.19777837,434520.0,3,2,LONG BEACH CA,90807,Single Family Residence,1120,7141-014-114,"3717 COUNTRY CLUB DR, NO 6  LONG BEACH CA  90807",CND,LONG BEACH,1974,5500,427520.0,Condo,387.9642857142857
7235003173,33.80892254,-118.07981644,461000.0,3,2,LONG BEACH CA,90815,Single Family Residence,1191,7235-003-173,"7890 E SPRING ST, 5G  LONG BEACH CA  90815",CND,LONG BEACH,1974,5516,461000.0,Condo,387.06968933669185
7264023065,33.76336965,-118.16203431,436426.0,3,2,LONG BEACH CA,90803,Single Family Residence,1134,7264-023-065,"2601 E OCEAN BLVD, NO 505  LONG BEACH CA  90803",CND,LONG BEACH,1973,5500,436426.0,Condo,384.8553791887125
7133035039,33.84622868,-118.1958496,460000.0,3,2,LONG BEACH CA,90805,Single Family Residence,1196,7133-035-039,47 W PLEASANT ST  LONG BEACH CA  90805,SFR,LONG BEACH,1966,4992,460000.0,Single Family Residence,384.61538461538464
4025004184,33.95697398,-118.3315579,569000.0,3,2,INGLEWOOD CA,90305,Single Family Residence,1493,4025-004-184,"3500 W MANCHESTER BLVD, UNIT 301  INGLEWOOD CA  90305",SFR,INGLEWOOD,1965,4569,569000.0,Single Family Residence,381.1118553248493
7305008035,33.87365592,-118.19623287,442585.0,3,2,LONG BEACH CA,90805,Single Family Residence,1162,7305-008-035,315 E COOLIDGE ST  LONG BEACH CA  90805,SFR,LONG BEACH,1972,5492,435585.0,Single Family Residence,380.88209982788294
7141014051,33.82421295,-118.19777837,426604.0,3,2,LONG BEACH CA,90807,Single Family Residence,1122,7141-014-051,"3723 COUNTRY CLUB DR, NO 11  LONG BEACH CA  90807",CND,LONG BEACH,1974,5500,426604.0,Condo,380.2174688057041
7235003009,33.80892254,-118.07981644,450492.0,3,2,LONG BEACH CA,90815,Single Family Residence,1191,7235-003-009,"7890 E SPRING ST, APT 010E  LONG BEACH CA  90815",CND,LONG BEACH,1974,5516,450492.0,Condo,378.2468513853904
7141014050,33.82421295,-118.19777837,421326.0,3,2,LONG BEACH CA,90807,Single Family Residence,1120,7141-014-050,"3723 COUNTRY CLUB DR, NO 5  LONG BEACH CA  90807",CND,LONG BEACH,1974,5500,421326.0,Condo,376.18392857142857
7235003018,33.80892254,-118.07981644,442169.0,3,2,LONG BEACH CA,90815,Single Family Residence,1191,7235-003-018,"7890 E SPRING ST, APT 011G  LONG BEACH CA  90815",CND,LONG BEACH,1974,5516,442169.0,Condo,371.25860621326615
7235029068,33.80892254,-118.07981644,442169.0,3,2,LONG BEACH CA,90815,Single Family Residence,1191,7235-029-068,"7890 E SPRING ST, APT 021G  LONG BEACH CA  90815",CND,LONG BEACH,1973,5516,442169.0,Condo,371.25860621326615
4025004208,33.95769353,-118.33136444,548867.0,3,2,INGLEWOOD CA,90305,Single Family Residence,1493,4025-004-208,"3500 W MANCHESTER BLVD, UNIT 239  INGLEWOOD CA  90305",SFR,INGLEWOOD,1965,4569,541867.0,Single Family Residence,367.6269256530476
7266016040,33.77375846,-118.17395292,440000.0,3,2,LONG BEACH CA,90802,Single Family Residence,1200,7266-016-040,"557 NEBRASKA AVE, 1  LONG BEACH CA  90802",CND,LONG BEACH,1966,5500,433000.0,Condo,366.6666666666667
7203021005,33.81323252,-118.19832694,472167.0,3,2,LONG BEACH CA,90806,Single Family Residence,1290,7203-021-005,3089 MAGNOLIA AVE  LONG BEACH CA  90806,SFR,LONG BEACH,1965,5501,472167.0,Single Family Residence,366.02093023255816
4025004143,33.95691113,-118.3324673,545700.0,3,2,INGLEWOOD CA,90305,Single Family Residence,1493,4025-004-143,"3500 W MANCHESTER BLVD, NO 349  INGLEWOOD CA  90305",SFR,INGLEWOOD,1966,4569,538700.0,Single Family Residence,365.5056932350971
7210021018,33.79461312,-118.17991341,460030.0,3,2,LONG BEACH CA,90806,Single Family Residence,1264,7210-021-018,2047 LEWIS AVE  LONG BEACH CA  90806,SFR,LONG BEACH,1968,5500,453030.0,Single Family Residence,363.94778481012656
7264023032,33.76336965,-118.16203431,411977.0,3,2,LONG BEACH CA,90803,Single Family Residence,1134,7264-023-032,"2601 E OCEAN BLVD, NO 205  LONG BEACH CA  90803",CND,LONG BEACH,1973,5500,411977.0,Condo,363.2954144620811
7280001072,33.77388537,-118.19683733,420000.0,3,2,LONG BEACH CA,90802,Single Family Residence,1158,7280-001-072,"545 CHESTNUT AVE, NO 402  LONG BEACH CA  90802",CND,LONG BEACH,1972,11934,420000.0,Condo,362.6943005181347
7125015008,33.86396012,-118.18726664,488988.0,3,2,LONG BEACH CA,90805,Single Family Residence,1349,7125-015-008,454 E ADAIR ST  LONG BEACH CA  90805,SFR,LONG BEACH,1967,4992,488988.0,Single Family Residence,362.4818383988139
7118007015,33.86893184,-118.17329898,529000.0,3,2,LONG BEACH CA,90805,Single Family Residence,1460,7118-007-015,1530 E 63RD ST  LONG BEACH CA  90805,SFR,LONG BEACH,1973,4992,522000.0,Single Family Residence,362.32876712328766
7235003059,33.80892254,-118.07981644,431460.0,3,2,LONG BEACH CA,90815,Single Family Residence,1191,7235-003-059,"7890 E SPRING ST, APT 005F  LONG BEACH CA  90815",CND,LONG BEACH,1974,5516,424460.0,Condo,362.2670025188917
7253010039,33.78429641,-118.14620878,539547.0,3,2,LONG BEACH CA,90804,Single Family Residence,1491,7253-010-039,1365 TERMINO AVE  LONG BEACH CA  90804,SFR,LONG BEACH,1975,5500,539547.0,Single Family Residence,361.8692152917505
4025004049,33.95852971,-118.33450141,540000.0,3,2,INGLEWOOD CA,90305,Single Family Residence,1493,4025-004-049,"3500 W MANCHESTER BLVD, UNIT 421  INGLEWOOD CA  90305",SFR,INGLEWOOD,1967,4569,540000.0,Single Family Residence,361.68787675820494
7128016019,33.85627028,-118.17467688,449206.0,3,2,LONG BEACH CA,90805,Single Family Residence,1244,7128-016-019,1427 E 55TH ST  LONG BEACH CA  90805,SFR,LONG BEACH,1974,4992,449206.0,Single Family Residence,361.0980707395498
7141014049,33.82421295,-118.19777837,403258.0,3,2,LONG BEACH CA,90807,Single Family Residence,1120,7141-014-049,"3723 COUNTRY CLUB DR, NO 9  LONG BEACH CA  90807",CND,LONG BEACH,1974,5500,396258.0,Condo,360.0517857142857
7141014046,33.82421295,-118.19777837,402661.0,3,2,LONG BEACH CA,90807,Single Family Residence,1122,7141-014-046,"3717 COUNTRY CLUB DR, NO 7  LONG BEACH CA  90807",CND,LONG BEACH,1974,5500,395661.0,Condo,358.8778966131907
7141019091,33.82300131,-118.19652562,510000.0,3,2,LONG BEACH CA,90807,Single Family Residence,1423,7141-019-091,"3669 COUNTRY CLUB DR, UNIT   H  LONG BEACH CA  90807",CND,LONG BEACH,1975,5500,503000.0,Condo,358.3977512297962
7235029055,33.80892254,-118.07981644,425393.0,3,2,LONG BEACH CA,90815,Single Family Residence,1191,7235-029-055,"7890 E SPRING ST, APT 022F  LONG BEACH CA  90815",CND,LONG BEACH,1973,5516,425393.0,Condo,357.1729638958858
7317008011,33.82327365,-118.22084035,459350.0,3,2,LONG BEACH CA,90810,Single Family Residence,1292,7317-008-011,2134 W CAMERON ST  LONG BEACH CA  90810,SFR,LONG BEACH,1969,5572,459350.0,Single Family Residence,355.5340557275542
7131037007,33.84775616,-118.19013864,395830.0,3,2,LONG BEACH CA,90805,Single Family Residence,1119,7131-037-007,276 E HOME ST  LONG BEACH CA  90805,SFR,LONG BEACH,1971,4992,395830.0,Single Family Residence,353.7354781054513
7235029219,33.80892254,-118.07981644,419000.0,3,2,LONG BEACH CA,90815,Single Family Residence,1191,7235-029-219,"7890 E SPRING ST, 23G  LONG BEACH CA  90815",CND,LONG BEACH,1973,5516,412000.0,Condo,351.80520570948784
7235029229,33.80892254,-118.07981644,419000.0,3,2,LONG BEACH CA,90815,Single Family Residence,1191,7235-029-229,"7890 E SPRING ST, 15G  LONG BEACH CA  90815",CND,LONG BEACH,1973,5516,412000.0,Condo,351.80520570948784
7235003035,33.80892254,-118.07981644,419000.0,3,2,LONG BEACH CA,90815,Single Family Residence,1191,7235-003-035,"7890 E SPRING ST, APT 013F  LONG BEACH CA  90815",CND,LONG BEACH,1974,5516,412000.0,Condo,351.80520570948784
7258027041,33.77442704,-118.15318409,422037.0,3,2,LONG BEACH CA,90814,Single Family Residence,1200,7258-027-041,"646 CORONADO AVE, APT 000B  LONG BEACH CA  90814",SFR,LONG BEACH,1973,5500,422037.0,Single Family Residence,351.6975
4025004106,33.95769852,-118.33294931,524808.0,3,2,INGLEWOOD CA,90305,Single Family Residence,1493,4025-004-106,"3500 W MANCHESTER BLVD, UNIT 379  INGLEWOOD CA  90305",SFR,INGLEWOOD,1966,4569,524808.0,Single Family Residence,351.5123911587408
7265020094,33.7661068,-118.16966331,504073.0,3,2,LONG BEACH CA,90802,Single Family Residence,1441,7265-020-094,"100 HERMOSA AVE, APT 001J  LONG BEACH CA  90802",CND,LONG BEACH,1965,5500,504073.0,Condo,349.80777238029145
7235003171,33.80892254,-118.07981644,415999.0,3,2,LONG BEACH CA,90815,Single Family Residence,1191,7235-003-171,"7890 E SPRING ST, 11F  LONG BEACH CA  90815",CND,LONG BEACH,1974,5516,415999.0,Condo,349.2854743912678
7141014025,33.82421295,-118.19777837,389696.0,3,2,LONG BEACH CA,90807,Single Family Residence,1120,7141-014-025,"3705 COUNTRY CLUB DR, NO 5  LONG BEACH CA  90807",CND,LONG BEACH,1974,5500,389696.0,Condo,347.9428571428571
7141019101,33.82300131,-118.19652562,494700.0,3,2,LONG BEACH CA,90807,Single Family Residence,1423,7141-019-101,"3671 COUNTRY CLUB DR, UNIT   H  LONG BEACH CA  90807",CND,LONG BEACH,1975,5500,494700.0,Condo,347.6458186929023
7133033016,33.8445684,-118.19512152,487318.0,3,2,LONG BEACH CA,90805,Single Family Residence,1406,7133-033-016,60 W 49TH ST  LONG BEACH CA  90805,SFR,LONG BEACH,1973,4992,480318.0,Single Family Residence,346.59886201991463
7141019089,33.82300131,-118.19652562,492504.0,3,2,LONG BEACH CA,90807,Single Family Residence,1423,7141-019-089,"3669 COUNTRY CLUB DR, UNIT   F  LONG BEACH CA  90807",CND,LONG BEACH,1975,5500,485504.0,Condo,346.10260014054813
7235003213,33.80892254,-118.07981644,412099.0,3,2,LONG BEACH CA,90815,Single Family Residence,1191,7235-003-213,"7890 E SPRING ST, 19F  LONG BEACH CA  90815",SFR,LONG BEACH,1974,5516,405099.0,Single Family Residence,346.0109151973132
7123006002,33.86308983,-118.16990562,438382.0,3,2,LONG BEACH CA,90805,Single Family Residence,1269,7123-006-002,1829 E HUNGERFORD ST  LONG BEACH CA  90805,SFR,LONG BEACH,1974,4992,431382.0,Single Family Residence,345.4546887312845
7141014144,33.82421295,-118.19777837,386704.0,3,2,LONG BEACH CA,90807,Single Family Residence,1120,7141-014-144,"3721 COUNTRY CLUB DR, NO 6  LONG BEACH CA  90807",CND,LONG BEACH,1974,5500,386704.0,Condo,345.27142857142854
4018010042,33.96387847,-118.36552539,510000.0,3,3,INGLEWOOD CA,90301,Single Family Residence,1478,4018-010-042,"550 W REGENT ST, NO 105  INGLEWOOD CA  90301",CND,INGLEWOOD,1972,4569,510000.0,Condo,345.0608930987821
7256007059,33.7629282,-118.14834868,516821.0,3,2,LONG BEACH CA,90803,Single Family Residence,1498,7256-007-059,"3737 E 2ND ST, UNIT 301  LONG BEACH CA  90803",CND,LONG BEACH,1965,5500,516821.0,Condo,345.0073431241656
7278009075,33.76574617,-118.18421138,434127.0,3,2,LONG BEACH CA,90802,Single Family Residence,1260,7278-009-075,"700 E OCEAN BLVD, NO 904  LONG BEACH CA  90802",CND,LONG BEACH,1965,5536,434127.0,Condo,344.5452380952381
4014021012,33.97603129,-118.34452778,482428.0,3,2,INGLEWOOD CA,90302,Single Family Residence,1402,4014-021-012,739 E 67TH ST  INGLEWOOD CA  90302,SFR,INGLEWOOD,1966,4569,475428.0,Single Family Residence,344.09985734664764
4025004050,33.95846577,-118.3345197,512936.0,3,2,INGLEWOOD CA,90305,Single Family Residence,1493,4025-004-050,"3500 W MANCHESTER BLVD, UNIT 422  INGLEWOOD CA  90305",SFR,INGLEWOOD,1967,4569,505936.0,Single Family Residence,343.5606162089752
7278009219,33.76574617,-118.18421138,432238.0,3,2,LONG BEACH CA,90802,Single Family Residence,1260,7278-009-219,"700 E OCEAN BLVD, NO 2804  LONG BEACH CA  90802",CND,LONG BEACH,1965,5536,425238.0,Condo,343.04603174603176
7268037011,33.78594475,-118.17494538,509795.0,3,2,LONG BEACH CA,90813,Single Family Residence,1487,7268-037-011,1482 WARREN AVE  LONG BEACH CA  90813,SFR,LONG BEACH,1968,5500,509795.0,Single Family Residence,342.8345662407532
7258027037,33.77442704,-118.15318409,411213.0,3,2,LONG BEACH CA,90814,Single Family Residence,1200,7258-027-037,"650 CORONADO AVE, APT 000C  LONG BEACH CA  90814",SFR,LONG BEACH,1973,5500,411213.0,Single Family Residence,342.6775
7278009099,33.76574617,-118.18421138,430664.0,3,2,LONG BEACH CA,90802,Single Family Residence,1260,7278-009-099,"700 E OCEAN BLVD, NO 1204  LONG BEACH CA  90802",CND,LONG BEACH,1965,5536,430664.0,Condo,341.7968253968254
7133034071,33.84586317,-118.19562963,416733.0,3,2,LONG BEACH CA,90805,Single Family Residence,1220,7133-034-071,42 W PLEASANT ST  LONG BEACH CA  90805,SFR,LONG BEACH,1975,4992,409733.0,Single Family Residence,341.5844262295082
7125018013,33.8631841,-118.19005653,422197.0,3,2,LONG BEACH CA,90805,Single Family Residence,1248,7125-018-013,274 E 60TH ST  LONG BEACH CA  90805,SFR,LONG BEACH,1965,4992,422197.0,Single Family Residence,338.29887820512823
4017009037,33.97319466,-118.36070332,406098.0,3,2,INGLEWOOD CA,90302,Single Family Residence,1209,4017-009-037,"756 N INGLEWOOD AVE, NO 13  INGLEWOOD CA  90302",CND,INGLEWOOD,1969,4569,399098.0,Condo,335.8957816377171
7124016043,33.86461977,-118.18429808,494189.0,3,3,LONG BEACH CA,90805,Single Family Residence,1497,7124-016-043,6049 LIME AVE  LONG BEACH CA  90805,SFR,LONG BEACH,1968,4992,494189.0,Single Family Residence,330.1195724782899
7141019069,33.82300131,-118.19652562,465000.0,3,2,LONG BEACH CA,90807,Single Family Residence,1423,7141-019-069,"3663 COUNTRY CLUB DR, UNIT   H  LONG BEACH CA  90807",CND,LONG BEACH,1975,5500,465000.0,Condo,326.77442023893184
7141019055,33.82300131,-118.19652562,465000.0,3,2,LONG BEACH CA,90807,Single Family Residence,1423,7141-019-055,"3661 COUNTRY CLUB DR, APT 000G  LONG BEACH CA  90807",CND,LONG BEACH,1975,5500,465000.0,Condo,326.77442023893184
7141019052,33.82300131,-118.19652562,465000.0,3,2,LONG BEACH CA,90807,Single Family Residence,1423,7141-019-052,"3673 COUNTRY CLUB DR, APT 000B  LONG BEACH CA  90807",CND,LONG BEACH,1975,5500,458000.0,Condo,326.77442023893184
7141019062,33.82300131,-118.19652562,465000.0,3,2,LONG BEACH CA,90807,Single Family Residence,1423,7141-019-062,"3663 COUNTRY CLUB DR, UNIT   A  LONG BEACH CA  90807",CND,LONG BEACH,1975,5500,465000.0,Condo,326.77442023893184
7264023159,33.76336965,-118.16203431,442748.0,3,2,LONG BEACH CA,90803,Single Family Residence,1356,7264-023-159,"2601 E OCEAN BLVD, UNIT 202  LONG BEACH CA  90803",CND,LONG BEACH,1973,5500,442748.0,Condo,326.51032448377583
7246025023,33.769561,-118.12231188,484715.0,3,3,LONG BEACH CA,90814,Single Family Residence,1485,7246-025-023,345 WINSLOW AVE  LONG BEACH CA  90814,SFR,LONG BEACH,1975,5500,477715.0,Single Family Residence,326.4074074074074
7141019061,33.82300131,-118.19652562,461624.0,3,2,LONG BEACH CA,90807,Single Family Residence,1423,7141-019-061,"3661 COUNTRY CLUB DR, APT 000A  LONG BEACH CA  90807",CND,LONG BEACH,1975,5500,454624.0,Condo,324.4019676739283
4025004033,33.95834002,-118.33536733,484321.0,3,2,INGLEWOOD CA,90305,Single Family Residence,1493,4025-004-033,"3500 W MANCHESTER BLVD, NO 450  INGLEWOOD CA  90305",SFR,INGLEWOOD,1965,4569,477321.0,Single Family Residence,324.3945077026122
7141019039,33.82300131,-118.19652562,460031.0,3,2,LONG BEACH CA,90807,Single Family Residence,1423,7141-019-039,"3657 COUNTRY CLUB DR, UNIT H  LONG BEACH CA  90807",CND,LONG BEACH,1975,5500,460031.0,Condo,323.28250175685173
7264023095,33.76336965,-118.16203431,435647.0,3,2,LONG BEACH CA,90803,Single Family Residence,1356,7264-023-095,"2601 E OCEAN BLVD, NO 702  LONG BEACH CA  90803",CND,LONG BEACH,1973,5500,428647.0,Condo,321.273598820059
7278009143,33.76574617,-118.18421138,404210.0,3,2,LONG BEACH CA,90802,Single Family Residence,1260,7278-009-143,"700 E OCEAN BLVD, NO 1808  LONG BEACH CA  90802",CND,LONG BEACH,1965,5536,404210.0,Condo,320.8015873015873
7278009119,33.76574617,-118.18421138,403900.0,3,2,LONG BEACH CA,90802,Single Family Residence,1260,7278-009-119,"700 E OCEAN BLVD, NO 1508  LONG BEACH CA  90802",CND,LONG BEACH,1965,5536,403900.0,Condo,320.55555555555554
7258027040,33.77442704,-118.15318409,384514.0,3,2,LONG BEACH CA,90814,Single Family Residence,1200,7258-027-040,"646 CORONADO AVE, APT 000A  LONG BEACH CA  90814",SFR,LONG BEACH,1973,5500,384514.0,Single Family Residence,320.42833333333334
7141019100,33.82300131,-118.19652562,455257.0,3,2,LONG BEACH CA,90807,Single Family Residence,1423,7141-019-100,"3671 COUNTRY CLUB DR, APT 000G  LONG BEACH CA  90807",CND,LONG BEACH,1975,5500,448257.0,Condo,319.9276177090654
7264023106,33.76336965,-118.16203431,435484.0,3,2,LONG BEACH CA,90803,Single Family Residence,1364,7264-023-106,"2601 E OCEAN BLVD, NO 802  LONG BEACH CA  90803",CND,LONG BEACH,1973,5500,428484.0,Condo,319.2697947214076
7128016008,33.85660334,-118.17441542,468179.0,3,2,LONG BEACH CA,90805,Single Family Residence,1472,7128-016-008,1456 E MICHELSON ST  LONG BEACH CA  90805,SFR,LONG BEACH,1968,4992,461179.0,Single Family Residence,318.0563858695652
7278009207,33.76574617,-118.18421138,400517.0,3,2,LONG BEACH CA,90802,Single Family Residence,1260,7278-009-207,"700 E OCEAN BLVD, NO 2608  LONG BEACH CA  90802",CND,LONG BEACH,1965,5536,393517.0,Condo,317.8706349206349
7278009211,33.76574617,-118.18421138,400516.0,3,2,LONG BEACH CA,90802,Single Family Residence,1260,7278-009-211,"700 E OCEAN BLVD, NO 2704  LONG BEACH CA  90802",CND,LONG BEACH,1965,5536,393516.0,Condo,317.8698412698413
7278009183,33.76574617,-118.18421138,400094.0,3,2,LONG BEACH CA,90802,Single Family Residence,1260,7278-009-183,"700 E OCEAN BLVD, NO 2308  LONG BEACH CA  90802",CND,LONG BEACH,1965,5536,400094.0,Condo,317.53492063492064
7264023127,33.76336965,-118.16203431,417474.0,3,2,LONG BEACH CA,90803,Single Family Residence,1319,7264-023-127,"2601 E OCEAN BLVD, NO 304  LONG BEACH CA  90803",CND,LONG BEACH,1973,5500,417474.0,Condo,316.5079605761941
7278009179,33.76574617,-118.18421138,398488.0,3,2,LONG BEACH CA,90802,Single Family Residence,1260,7278-009-179,"700 E OCEAN BLVD, NO 2304  LONG BEACH CA  90802",CND,LONG BEACH,1965,5536,391488.0,Condo,316.2603174603175
7220002087,33.78948258,-118.1384486,401289.0,3,2,LONG BEACH CA,90815,Single Family Residence,1270,7220-002-087,"1770 XIMENO AVE, NO 301  LONG BEACH CA  90815",CND,LONG BEACH,1966,5531,401289.0,Condo,315.9755905511811
7278009111,33.76574617,-118.18421138,397371.0,3,2,LONG BEACH CA,90802,Single Family Residence,1260,7278-009-111,"700 E OCEAN BLVD, NO 1408  LONG BEACH CA  90802",CND,LONG BEACH,1965,5536,397371.0,Condo,315.37380952380954
7141019085,33.82300131,-118.19652562,444569.0,3,2,LONG BEACH CA,90807,Single Family Residence,1423,7141-019-085,"3669 COUNTRY CLUB DR, UNIT   B  LONG BEACH CA  90807",CND,LONG BEACH,1975,5500,437569.0,Condo,312.4167252283907
7145010069,33.82392072,-118.18696131,426564.0,3,2,LONG BEACH CA,90807,Single Family Residence,1399,7145-010-069,"3695 LINDEN AVE, NO A9  LONG BEACH CA  90807",CND,LONG BEACH,1967,5500,419564.0,Condo,304.90636168691924
7207002049,33.81373956,-118.18811759,410978.0,3,2,LONG BEACH CA,90807,Single Family Residence,1360,7207-002-049,401 E 31ST ST  LONG BEACH CA  90807,SFR,LONG BEACH,1975,11934,410978.0,Single Family Residence,302.18970588235294
7264023125,33.76336965,-118.16203431,398469.0,3,2,LONG BEACH CA,90803,Single Family Residence,1319,7264-023-125,"2601 E OCEAN BLVD, NO 204  LONG BEACH CA  90803",CND,LONG BEACH,1973,5500,391469.0,Condo,302.0993176648976
7141014086,33.82421295,-118.19777837,395613.0,3,2,LONG BEACH CA,90807,Single Family Residence,1315,7141-014-086,"3713 COUNTRY CLUB DR, NO 3  LONG BEACH CA  90807",CND,LONG BEACH,1974,5500,395613.0,Condo,300.84638783269963
4025004051,33.95840151,-118.33453809,446081.0,3,2,INGLEWOOD CA,90305,Single Family Residence,1493,4025-004-051,"3500 W MANCHESTER BLVD, NO 423  INGLEWOOD CA  90305",SFR,INGLEWOOD,1967,4569,439081.0,Single Family Residence,298.78164768921636
7263006046,33.76953574,-118.16537228,445152.0,3,3,LONG BEACH CA,90814,Single Family Residence,1498,7263-006-046,333 JUNIPERO AVE  LONG BEACH CA  90814,CND,LONG BEACH,1966,5500,445152.0,Condo,297.16421895861146
7141019038,33.82300131,-118.19652562,402998.0,3,2,LONG BEACH CA,90807,Single Family Residence,1423,7141-019-038,"3657 COUNTRY CLUB DR, APT 000I  LONG BEACH CA  90807",CND,LONG BEACH,1975,5500,402998.0,Condo,283.2030920590302
4021029074,33.95870181,-118.34845968,385988.0,3,3,INGLEWOOD CA,90301,Single Family Residence,1366,4021-029-074,"650 E NUTWOOD ST, NO 3  INGLEWOOD CA  90301",CND,INGLEWOOD,1966,13268,378988.0,Condo,282.56808199121525
7246026002,33.76969558,-118.1238514,404222.0,3,3,LONG BEACH CA,90814,Single Family Residence,1444,7246-026-002,344 ULTIMO AVE  LONG BEACH CA  90814,SFR,LONG BEACH,1975,5500,397222.0,Single Family Residence,279.9321329639889
4025004032,33.95840597,-118.33536747,411322.0,3,2,INGLEWOOD CA,90305,Single Family Residence,1493,4025-004-032,"3500 W MANCHESTER BLVD, NO 449  INGLEWOOD CA  90305",SFR,INGLEWOOD,1965,4569,268049.0,Single Family Residence,275.5003348961822
7141019047,33.82300131,-118.19652562,385945.0,3,2,LONG BEACH CA,90807,Single Family Residence,1423,7141-019-047,"3659 COUNTRY CLUB DR, UNIT   C  LONG BEACH CA  90807",CND,LONG BEACH,1975,5500,385945.0,Condo,271.21925509487
7304013040,33.87846691,-118.20744734,392309.0,3,2,LONG BEACH CA,90805,Single Family Residence,1476,7304-013-040,6801 HARBOR AVE  LONG BEACH CA  90805,SFR,LONG BEACH,1965,5490,392309.0,Single Family Residence,265.7920054200542
7208002030,33.80321692,-118.19145799,384947.0,3,2,LONG BEACH CA,90806,Single Family Residence,1462,7208-002-030,200 E VERNON ST  LONG BEACH CA  90806,CND,LONG BEACH,1969,11934,384947.0,Condo,263.30164158686733
7304013039,33.87853684,-118.20744766,384260.0,3,2,LONG BEACH CA,90805,Single Family Residence,1476,7304-013-039,6809 HARBOR AVE  LONG BEACH CA  90805,SFR,LONG BEACH,1965,5490,377260.0,Single Family Residence,260.33875338753387
